{
  "1": 0.83333,
  "2": 1.0,
  "3": 1.0,
  "4": 1.0,
  "5": 0.8,
  "6": 0.66667,
  "total": 0.85
}